HomeTeam,AwayTeam,Date
Kansas City Chiefs,Baltimore Ravens,9/5/2024
Philadelphia Eagles,Green Bay Packers,9/6/2024
Atlanta Falcons,Pittsburgh Steelers,9/8/2024
Buffalo Bills,Arizona Cardinals,9/8/2024
New Orleans Saints,Carolina Panthers,9/8/2024
Chicago Bears,Tennessee Titans,9/8/2024
Cincinnati Bengals,New England Patriots,9/8/2024
Indianapolis Colts,Houston Texans,9/8/2024
Miami Dolphins,Jacksonville Jaguars,9/8/2024
New York Giants,Minnesota Vikings,9/8/2024
Seattle Seahawks,Denver Broncos,9/8/2024
Los Angeles Chargers,Las Vegas Raiders,9/8/2024
Cleveland Browns,Dallas Cowboys,9/8/2024
Tampa Bay Buccaneers,Washington Commanders,9/8/2024
Detroit Lions,Los Angeles Rams,9/8/2024
San Francisco 49ers,New York Jets,9/9/2024
Miami Dolphins,Buffalo Bills,9/12/2024
Carolina Panthers,Los Angeles Chargers,9/15/2024
Jacksonville Jaguars,Cleveland Browns,9/15/2024
Green Bay Packers,Indianapolis Colts,9/15/2024
Dallas Cowboys,New Orleans Saints,9/15/2024
Detroit Lions,Tampa Bay Buccaneers,9/15/2024
Minnesota Vikings,San Francisco 49ers,9/15/2024
New England Patriots,Seattle Seahawks,9/15/2024
Washington Commanders,New York Giants,9/15/2024
Tennessee Titans,New York Jets,9/15/2024
Baltimore Ravens,Las Vegas Raiders,9/15/2024
Arizona Cardinals,Los Angeles Rams,9/15/2024
Kansas City Chiefs,Cincinnati Bengals,9/15/2024
Denver Broncos,Pittsburgh Steelers,9/15/2024
Houston Texans,Chicago Bears,9/15/2024
Philadelphia Eagles,Atlanta Falcons,9/16/2024
New York Jets,New England Patriots,9/19/2024
Indianapolis Colts,Chicago Bears,9/22/2024
Cleveland Browns,New York Giants,9/22/2024
Tampa Bay Buccaneers,Denver Broncos,9/22/2024
Tennessee Titans,Green Bay Packers,9/22/2024
Minnesota Vikings,Houston Texans,9/22/2024
New Orleans Saints,Philadelphia Eagles,9/22/2024
Pittsburgh Steelers,Los Angeles Chargers,9/22/2024
Las Vegas Raiders,Carolina Panthers,9/22/2024
Seattle Seahawks,Miami Dolphins,9/22/2024
Arizona Cardinals,Detroit Lions,9/22/2024
Dallas Cowboys,Baltimore Ravens,9/22/2024
Los Angeles Rams,San Francisco 49ers,9/22/2024
Atlanta Falcons,Kansas City Chiefs,9/22/2024
Buffalo Bills,Jacksonville Jaguars,9/23/2024
Cincinnati Bengals,Washington Commanders,9/23/2024
New York Giants,Dallas Cowboys,9/26/2024
Atlanta Falcons,New Orleans Saints,9/29/2024
Carolina Panthers,Cincinnati Bengals,9/29/2024
Chicago Bears,Los Angeles Rams,9/29/2024
Indianapolis Colts,Pittsburgh Steelers,9/29/2024
New York Jets,Denver Broncos,9/29/2024
Green Bay Packers,Minnesota Vikings,9/29/2024
Houston Texans,Jacksonville Jaguars,9/29/2024
Tampa Bay Buccaneers,Philadelphia Eagles,9/29/2024
Arizona Cardinals,Washington Commanders,9/29/2024
San Francisco 49ers,New England Patriots,9/29/2024
Las Vegas Raiders,Cleveland Browns,9/29/2024
Los Angeles Chargers,Kansas City Chiefs,9/29/2024
Baltimore Ravens,Buffalo Bills,9/29/2024
Miami Dolphins,Tennessee Titans,9/30/2024
Detroit Lions,Seattle Seahawks,9/30/2024
Atlanta Falcons,Tampa Bay Buccaneers,10/3/2024
Minnesota Vikings,New York Jets,10/6/2024
Houston Texans,Buffalo Bills,10/6/2024
Chicago Bears,Carolina Panthers,10/6/2024
Cincinnati Bengals,Baltimore Ravens,10/6/2024
Washington Commanders,Cleveland Browns,10/6/2024
Jacksonville Jaguars,Indianapolis Colts,10/6/2024
New England Patriots,Miami Dolphins,10/6/2024
San Francisco 49ers,Arizona Cardinals,10/6/2024
Denver Broncos,Las Vegas Raiders,10/6/2024
Los Angeles Rams,Green Bay Packers,10/6/2024
Seattle Seahawks,New York Giants,10/6/2024
Pittsburgh Steelers,Dallas Cowboys,10/6/2024
Kansas City Chiefs,New Orleans Saints,10/7/2024
Seattle Seahawks,San Francisco 49ers,10/10/2024
Chicago Bears,Jacksonville Jaguars,10/13/2024
Philadelphia Eagles,Cleveland Browns,10/13/2024
Tennessee Titans,Indianapolis Colts,10/13/2024
Green Bay Packers,Arizona Cardinals,10/13/2024
New England Patriots,Houston Texans,10/13/2024
New Orleans Saints,Tampa Bay Buccaneers,10/13/2024
Baltimore Ravens,Washington Commanders,10/13/2024
Denver Broncos,Los Angeles Chargers,10/13/2024
Las Vegas Raiders,Pittsburgh Steelers,10/13/2024
Carolina Panthers,Atlanta Falcons,10/13/2024
Dallas Cowboys,Detroit Lions,10/13/2024
New York Giants,Cincinnati Bengals,10/13/2024
New York Jets,Buffalo Bills,10/14/2024
New Orleans Saints,Denver Broncos,10/17/2024
Jacksonville Jaguars,New England Patriots,10/20/2024
Minnesota Vikings,Detroit Lions,10/20/2024
Atlanta Falcons,Seattle Seahawks,10/20/2024
Buffalo Bills,Tennessee Titans,10/20/2024
Cleveland Browns,Cincinnati Bengals,10/20/2024
Indianapolis Colts,Miami Dolphins,10/20/2024
Green Bay Packers,Houston Texans,10/20/2024
New York Giants,Philadelphia Eagles,10/20/2024
Washington Commanders,Carolina Panthers,10/20/2024
Los Angeles Rams,Las Vegas Raiders,10/20/2024
San Francisco 49ers,Kansas City Chiefs,10/20/2024
Pittsburgh Steelers,New York Jets,10/20/2024
Tampa Bay Buccaneers,Baltimore Ravens,10/21/2024
Arizona Cardinals,Los Angeles Chargers,10/21/2024
Los Angeles Rams,Minnesota Vikings,10/24/2024
Detroit Lions,Tennessee Titans,10/27/2024
Tampa Bay Buccaneers,Atlanta Falcons,10/27/2024
Cincinnati Bengals,Philadelphia Eagles,10/27/2024
Cleveland Browns,Baltimore Ravens,10/27/2024
Houston Texans,Indianapolis Colts,10/27/2024
Miami Dolphins,Arizona Cardinals,10/27/2024
Jacksonville Jaguars,Green Bay Packers,10/27/2024
New England Patriots,New York Jets,10/27/2024
Seattle Seahawks,Buffalo Bills,10/27/2024
Los Angeles Chargers,New Orleans Saints,10/27/2024
Washington Commanders,Chicago Bears,10/27/2024
Las Vegas Raiders,Kansas City Chiefs,10/27/2024
Denver Broncos,Carolina Panthers,10/27/2024
San Francisco 49ers,Dallas Cowboys,10/27/2024
Pittsburgh Steelers,New York Giants,10/28/2024
